Country_Name,Country_Code,year,GDP_USD,GDP_per_capita_USD
Afghanistan,AFG,2015,19134211764,556.0072209
Afghanistan,AFG,2016,18116562465,512.0127781
Afghanistan,AFG,2017,18753469630,516.6798622
Afghanistan,AFG,2018,18053228579,485.6684187
Afghanistan,AFG,2019,18799450743,494.1793499
Afghanistan,AFG,2020,20116137326,516.7478708
Albania,ALB,2015,11386850130,3952.802538
Albania,ALB,2016,11861199831,4124.05539
Albania,ALB,2017,13019689337,4531.019374
Albania,ALB,2018,15156432310,5287.663694
Albania,ALB,2019,15401830754,5396.215864
Albania,ALB,2020,15131866271,5332.160475
Algeria,DZA,2015,1.65979E+11,4177.889542
Algeria,DZA,2016,1.60034E+11,3946.452447
Algeria,DZA,2017,1.70097E+11,4109.698217
Algeria,DZA,2018,1.74911E+11,4142.018558
Algeria,DZA,2019,1.71767E+11,3989.668276
Algeria,DZA,2020,1.45009E+11,3306.858208
American_Samoa,ASM,2015,673000000,12059.63516
American_Samoa,ASM,2016,671000000,12038.2497
American_Samoa,ASM,2017,612000000,11003.82976
American_Samoa,ASM,2018,639000000,11521.60978
American_Samoa,ASM,2019,648000000,11715.36014
American_Samoa,ASM,2020,709000000,12844.90099
Andorra,AND,2015,2789881259,35770.91865
Andorra,AND,2016,2896610480,37474.74584
Andorra,AND,2017,3000162081,38964.66201
Andorra,AND,2018,3218419897,41793.31884
Andorra,AND,2019,3155149348,40898.41791
Andorra,AND,2020,2891001149,37416.69772
Angola,AGO,2015,87219290029,3127.890598
Angola,AGO,2016,49840494026,1728.023754
Angola,AGO,2017,68972763787,2313.220584
Angola,AGO,2018,77792940077,2524.942483
Angola,AGO,2019,69309104807,2177.799015
Angola,AGO,2020,53619071176,1631.431691
Antigua_and_Barbuda,ATG,2015,1336692593,14285.32978
Antigua_and_Barbuda,ATG,2016,1436585185,15198.74297
Antigua_and_Barbuda,ATG,2017,1467977778,15383.5764
Antigua_and_Barbuda,ATG,2018,1605944444,16679.59166
Antigua_and_Barbuda,ATG,2019,1687533333,17376.64968
Antigua_and_Barbuda,ATG,2020,1370281481,13992.74448
Argentina,ARG,2015,5.94749E+11,13789.06042
Argentina,ARG,2016,5.57531E+11,12790.24247
Argentina,ARG,2017,6.43629E+11,14613.04182
Argentina,ARG,2018,5.2482E+11,11795.15939
Argentina,ARG,2019,4.52818E+11,10076.35524
Argentina,ARG,2020,3.89591E+11,8585.694742
Armenia,ARM,2015,10553337673,3607.289299
Armenia,ARM,2016,10546135160,3591.828052
Armenia,ARM,2017,11527458566,3914.527854
Armenia,ARM,2018,12457941907,4220.540321
Armenia,ARM,2019,13619291361,4604.646324
Armenia,ARM,2020,12641209802,4266.018074
Aruba,ABW,2015,2963128492,28399.05013
Aruba,ABW,2016,2983798883,28453.71556
Aruba,ABW,2017,3092178771,29348.41897
Aruba,ABW,2018,3202234637,30253.71423
Aruba,ABW,2019,3310055866,31135.88436
Aruba,ABW,2020,2496648045,23384.29879
Australia,AUS,2015,1.35053E+12,56707.02208
Australia,AUS,2016,1.20669E+12,49881.76371
Australia,AUS,2017,1.32688E+12,53934.25018
Australia,AUS,2018,1.42853E+12,57180.7794
Australia,AUS,2019,1.39195E+12,54875.28596
Australia,AUS,2020,1.32784E+12,51680.31652
Austria,AUT,2015,3.81971E+11,44195.81759
Austria,AUT,2016,3.95837E+11,45307.58786
Austria,AUT,2017,4.17261E+11,47429.15846
Austria,AUT,2018,4.55168E+11,51486.5755
Austria,AUT,2019,4.45012E+11,50114.40111
Austria,AUT,2020,4.33258E+11,48588.65938
Azerbaijan,AZE,2015,53074370486,5500.310382
Azerbaijan,AZE,2016,37867518957,3880.738731
Azerbaijan,AZE,2017,40865558912,4147.089716
Azerbaijan,AZE,2018,47112941176,4739.84171
Azerbaijan,AZE,2019,48174235294,4805.753718
Azerbaijan,AZE,2020,42693000000,4229.910649
"Bahamas,_The",BHS,2015,11861900000,31699.35863
"Bahamas,_The",BHS,2016,11834600000,31314.84456
"Bahamas,_The",BHS,2017,12357600000,32371.00818
"Bahamas,_The",BHS,2018,12755800000,33077.39183
"Bahamas,_The",BHS,2019,13192800000,33872.33431
"Bahamas,_The",BHS,2020,9699500000,24665.09683
Bahrain,BHR,2015,31050638298,22634.08565
Bahrain,BHR,2016,32234973404,22608.45256
Bahrain,BHR,2017,35473776596,23742.93734
Bahrain,BHR,2018,37802005319,24086.30169
Bahrain,BHR,2019,38653318085,23552.37995
Bahrain,BHR,2020,34723357447,20406.50233
Bangladesh,BGD,2015,1.95079E+11,1248.45331
Bangladesh,BGD,2016,2.65236E+11,1678.95323
Bangladesh,BGD,2017,2.93755E+11,1839.583378
Bangladesh,BGD,2018,3.21379E+11,1991.483267
Bangladesh,BGD,2019,3.51238E+11,2154.226819
Bangladesh,BGD,2020,3.73902E+11,2270.347535
Barbados,BRB,2015,4724691213,16558.86478
Barbados,BRB,2016,4832811756,16909.88655
Barbados,BRB,2017,4981588900,17404.20747
Barbados,BRB,2018,5097283213,17782.87473
Barbados,BRB,2019,5304164323,18480.05659
Barbados,BRB,2020,4689534962,16318.74811
Belarus,BLR,2015,56454734397,5967.052204
Belarus,BLR,2016,47722657821,5039.681886
Belarus,BLR,2017,54726595249,5785.670673
Belarus,BLR,2018,60031262269,6360.062473
Belarus,BLR,2019,64409647194,6837.717826
Belarus,BLR,2020,61489588895,6555.426818
Belgium,BEL,2015,4.62336E+11,41008.29672
Belgium,BEL,2016,4.76063E+11,42012.62272
Belgium,BEL,2017,5.02765E+11,44198.48239
Belgium,BEL,2018,5.43347E+11,47549.20805
Belgium,BEL,2019,5.35376E+11,46599.11134
Belgium,BEL,2020,5.21677E+11,45189.3669
Belize,BLZ,2015,1734320479,4805.196852
Belize,BLZ,2016,1796928937,4877.670506
Belize,BLZ,2017,1844906693,4909.604664
Belize,BLZ,2018,1887465218,4927.194224
Belize,BLZ,2019,1945250236,4983.336114
Belize,BLZ,2020,1585631670,3987.796596
Benin,BEN,2015,11388160958,1076.796698
Benin,BEN,2016,11821066153,1087.287331
Benin,BEN,2017,12701654743,1136.593872
Benin,BEN,2018,14262407011,1241.825298
Benin,BEN,2019,14391686633,1219.515506
Benin,BEN,2020,15651545332,1291.040972
Bermuda,BMU,2015,6654541000,102005.6256
Bermuda,BMU,2016,6899911000,106885.8785
Bermuda,BMU,2017,7142316000,111820.5815
Bermuda,BMU,2018,7225977000,113050.7369
Bermuda,BMU,2019,7423465000,116153.1661
Bermuda,BMU,2020,6881662000,107706.0398
Bhutan,BTN,2015,2003598213,2752.630172
Bhutan,BTN,2016,2158972129,2930.574923
Bhutan,BTN,2017,2450364928,3286.596744
Bhutan,BTN,2018,2446866405,3243.477437
Bhutan,BTN,2019,2535657069,3322.863329
Bhutan,BTN,2020,2315436303,3000.777986
Bolivia,BOL,2015,33000198249,3035.971655
Bolivia,BOL,2016,33941126194,3076.656439
Bolivia,BOL,2017,37508642171,3351.124344
Bolivia,BOL,2018,40287647931,3548.59078
Bolivia,BOL,2019,40895322851,3552.068144
Bolivia,BOL,2020,36629843806,3137.989617
Bosnia_and_Herzegovina,BIH,2015,16219819344,4729.690054
Bosnia_and_Herzegovina,BIH,2016,16914287593,4994.971623
Bosnia_and_Herzegovina,BIH,2017,18079076427,5394.26914
Bosnia_and_Herzegovina,BIH,2018,20177422311,6070.35298
Bosnia_and_Herzegovina,BIH,2019,20201323283,6119.762351
Bosnia_and_Herzegovina,BIH,2020,19955120005,6082.36673
Botswana,BWA,2015,13578754072,6402.910183
Botswana,BWA,2016,15082578065,6982.917492
Botswana,BWA,2017,16088437675,7296.092142
Botswana,BWA,2018,16914245098,7503.878588
Botswana,BWA,2019,16695925027,7247.429476
Botswana,BWA,2020,14930072799,6348.832318
Brazil,BRA,2015,1.80221E+12,8813.989806
Brazil,BRA,2016,1.79569E+12,8710.06329
Brazil,BRA,2017,2.06351E+12,9928.675897
Brazil,BRA,2018,1.91693E+12,9151.381732
Brazil,BRA,2019,1.87329E+12,8876.059836
Brazil,BRA,2020,1.44857E+12,6814.875632
British_Virgin_Islands,VGB,2015,2.64582E+12,16179.62179
British_Virgin_Islands,VGB,2016,2.64582E+12,16179.62179
British_Virgin_Islands,VGB,2017,2.64582E+12,16179.62179
British_Virgin_Islands,VGB,2018,2.64582E+12,16179.62179
British_Virgin_Islands,VGB,2019,2.64582E+12,16179.62179
British_Virgin_Islands,VGB,2020,2.64582E+12,16179.62179
Brunei_Darussalam,BRN,2015,12930394938,31164.03625
Brunei_Darussalam,BRN,2016,11400854268,27158.40565
Brunei_Darussalam,BRN,2017,12128104859,28571.60829
Brunei_Darussalam,BRN,2018,13567351175,31628.47626
Brunei_Darussalam,BRN,2019,13469422959,31085.96193
Brunei_Darussalam,BRN,2020,12005825770,27442.95383
Bulgaria,BGR,2015,50781996713,7074.681023
Bulgaria,BGR,2016,53953897624,7569.478815
Bulgaria,BGR,2017,59199447421,8366.293221
Bulgaria,BGR,2018,66363422450,9446.700772
Bulgaria,BGR,2019,68915416142,9879.268533
Bulgaria,BGR,2020,69889347433,10079.20338
Burkina_Faso,BFA,2015,11832159276,653.3272681
Burkina_Faso,BFA,2016,12833363370,688.2506963
Burkina_Faso,BFA,2017,14106956830,734.996268
Burkina_Faso,BFA,2018,15890065020,804.5005378
Burkina_Faso,BFA,2019,16178162030,796.1152068
Burkina_Faso,BFA,2020,17933606353,857.9327297
Burundi,BDI,2015,3104003611,305.5111441
Burundi,BDI,2016,2639321196,251.6514772
Burundi,BDI,2017,2712324087,250.5146007
Burundi,BDI,2018,2660123624,238.0343096
Burundi,BDI,2019,2581268126,223.8628757
Burundi,BDI,2020,2780510625,233.8375103
Cabo_Verde,CPV,2015,1596800287,3043.031382
Cabo_Verde,CPV,2016,1663008687,3131.017598
Cabo_Verde,CPV,2017,1769787215,3292.633503
Cabo_Verde,CPV,2018,1966501118,3616.460666
Cabo_Verde,CPV,2019,1981845741,3603.775241
Cabo_Verde,CPV,2020,1703698677,3064.272388
Cambodia,KHM,2015,18049954289,1162.904995
Cambodia,KHM,2016,20016747754,1269.591499
Cambodia,KHM,2017,22177200512,1385.260066
Cambodia,KHM,2018,24571753583,1512.126989
Cambodia,KHM,2019,27089389787,1643.121389
Cambodia,KHM,2020,25872798012,1547.511388
Cameroon,CMR,2015,32210232912,1382.50979
Cameroon,CMR,2016,33814337900,1413.255957
Cameroon,CMR,2017,36098550142,1469.4475
Cameroon,CMR,2018,39973839065,1585.240534
Cameroon,CMR,2019,39670977333,1533.095688
Cameroon,CMR,2020,40804449726,1537.130218
Canada,CAN,2015,1.55651E+12,43596.13554
Canada,CAN,2016,1.52799E+12,42315.60371
Canada,CAN,2017,1.64927E+12,45129.4293
Canada,CAN,2018,1.72533E+12,46548.63841
Canada,CAN,2019,1.74202E+12,46328.67184
Canada,CAN,2020,1.64542E+12,43258.26387
Cayman_Islands,CYM,2015,4708336756,76284.1943
Cayman_Islands,CYM,2016,4909498943,78471.62814
Cayman_Islands,CYM,2017,5166467287,81513.16283
Cayman_Islands,CYM,2018,5530377593,86180.53969
Cayman_Islands,CYM,2019,5943589096,91513.04267
Cayman_Islands,CYM,2020,5608989196,85346.76195
Central_African_Republic,CAF,2015,1695825708,377.4229177
Central_African_Republic,CAF,2016,1825018191,402.1916451
Central_African_Republic,CAF,2017,2072349974,450.900697
Central_African_Republic,CAF,2018,2220978978,475.9538139
Central_African_Republic,CAF,2019,2221301401,468.1175148
Central_African_Republic,CAF,2020,2326720921,481.7462966
Chad,TCD,2015,10950392220,776.0197523
Chad,TCD,2016,10097778354,693.4497674
Chad,TCD,2017,10000395242,665.9488849
Chad,TCD,2018,11239167048,726.1510071
Chad,TCD,2019,11314951343,709.5400432
Chad,TCD,2020,10715396135,652.3492096
Channel_Islands,CHI,2015,2.64582E+12,16179.62179
Channel_Islands,CHI,2016,2.64582E+12,16179.62179
Channel_Islands,CHI,2017,2.64582E+12,16179.62179
Channel_Islands,CHI,2018,2.64582E+12,16179.62179
Channel_Islands,CHI,2019,2.64582E+12,16179.62179
Channel_Islands,CHI,2020,2.64582E+12,16179.62179
Chile,CHL,2015,2.42497E+11,13495.01061
Chile,CHL,2016,2.49299E+11,13690.90746
Chile,CHL,2017,2.76365E+11,14962.55685
Chile,CHL,2018,2.95403E+11,15772.33348
Chile,CHL,2019,2.78585E+11,14699.46278
Chile,CHL,2020,2.52727E+11,13220.57076
China,CHN,2015,1.10616E+13,8016.431435
China,CHN,2016,1.12333E+13,8094.363367
China,CHN,2017,1.23104E+13,8816.986905
China,CHN,2018,1.38948E+13,9905.342004
China,CHN,2019,1.42799E+13,10143.8382
China,CHN,2020,1.46877E+13,10408.66976
Colombia,COL,2015,2.93482E+11,6175.87603
Colombia,COL,2016,2.82825E+11,5870.777957
Colombia,COL,2017,3.11884E+11,6376.706716
Colombia,COL,2018,3.34198E+11,6729.583332
Colombia,COL,2019,3.2311E+11,6418.615783
Colombia,COL,2020,2.703E+11,5312.198556
Comoros,COM,2015,966029542,1242.585608
Comoros,COM,2016,1012835518,1273.050952
Comoros,COM,2017,1077439663,1323.814843
Comoros,COM,2018,1188797575,1428.290463
Comoros,COM,2019,1195019559,1404.433187
Comoros,COM,2020,1223876065,1407.40927
"Congo,_Dem._Rep.",COD,2015,37917704900,497.3170391
"Congo,_Dem._Rep.",COD,2016,37134799975,471.3188225
"Congo,_Dem._Rep.",COD,2017,38019265626,467.0742317
"Congo,_Dem._Rep.",COD,2018,47568210068,565.8295429
"Congo,_Dem._Rep.",COD,2019,51775830726,596.5605701
"Congo,_Dem._Rep.",COD,2020,48716960860,543.9503925
"Congo,_Rep.",COG,2015,11890259177,2448.523778
"Congo,_Rep.",COG,2016,10219341017,2051.666176
"Congo,_Rep.",COG,2017,11094823677,2170.900563
"Congo,_Rep.",COG,2018,13670038020,2606.615526
"Congo,_Rep.",COG,2019,12750338736,2369.729441
"Congo,_Rep.",COG,2020,10483151094,1899.778237
Costa_Rica,CRI,2015,56441917653,11642.77805
Costa_Rica,CRI,2016,58847016045,12011.22275
Costa_Rica,CRI,2017,60516043590,12225.57449
Costa_Rica,CRI,2018,62420165100,12485.4239
Costa_Rica,CRI,2019,64417670083,12762.13801
Costa_Rica,CRI,2020,62158002233,12201.92603
Cote_d'Ivoire,CIV,2015,45814637971,1972.545683
Cote_d'Ivoire,CIV,2016,47964234560,2013.381448
Cote_d'Ivoire,CIV,2017,51588158718,2111.026557
Cote_d'Ivoire,CIV,2018,58011466451,2314.050958
Cote_d'Ivoire,CIV,2019,58539424930,2276.332394
Cote_d'Ivoire,CIV,2020,61348579465,2325.723705
Croatia,HRV,2015,50163192883,11933.37738
Croatia,HRV,2016,52295158344,12527.73986
Croatia,HRV,2017,56214427431,13629.28959
Croatia,HRV,2018,62247874949,15227.5601
Croatia,HRV,2019,62246206341,15311.7669
Croatia,HRV,2020,57203783203,14132.48656
Cuba,CUB,2015,87133000000,7694.014637
Cuba,CUB,2016,91370000000,8060.796598
Cuba,CUB,2017,96851000000,8541.213686
Cuba,CUB,2018,1.0005E+11,8824.194008
Cuba,CUB,2019,1.03428E+11,9125.878679
Cuba,CUB,2020,1.07352E+11,9477.852873
Curacao,CUW,2015,3042737430,19260.26985
Curacao,CUW,2016,3014748603,18881.83062
Curacao,CUW,2017,3009497207,18788.80728
Curacao,CUW,2018,3020388817,18956.09791
Curacao,CUW,2019,2995185487,19024.17723
Curacao,CUW,2020,2496174736,16109.86167
Cyprus,CYP,2015,19842404305,23408.33594
Cyprus,CYP,2016,20953442550,24605.91992
Cyprus,CYP,2017,22870833710,26608.875
Cyprus,CYP,2018,25522671233,29334.11133
Cyprus,CYP,2019,25758357775,29206.07617
Cyprus,CYP,2020,24692095945,27681.56641
Czech_Republic,CZE,2015,1.88033E+11,17829.69832
Czech_Republic,CZE,2016,1.96272E+11,18575.23203
Czech_Republic,CZE,2017,2.18629E+11,20636.19995
Czech_Republic,CZE,2018,2.4895E+11,23419.73561
Czech_Republic,CZE,2019,2.52498E+11,23660.14881
Czech_Republic,CZE,2020,2.45339E+11,22933.49959
Denmark,DNK,2015,3.02673E+11,53254.85637
Denmark,DNK,2016,3.13116E+11,54663.99837
Denmark,DNK,2017,3.32121E+11,57610.09818
Denmark,DNK,2018,3.56841E+11,61591.92887
Denmark,DNK,2019,3.47561E+11,59775.7351
Denmark,DNK,2020,3.56085E+11,61063.31643
Djibouti,DJI,2015,2424391785,2652.513228
Djibouti,DJI,2016,2604955229,2803.689125
Djibouti,DJI,2017,2762581334,2926.153304
Djibouti,DJI,2018,2913466732,3038.269738
Djibouti,DJI,2019,3088853639,3172.750685
Djibouti,DJI,2020,3181071154,3219.701128
Dominica,DMA,2015,540737037,7597.288894
Dominica,DMA,2016,576229629.6,8080.968623
Dominica,DMA,2017,521551851.9,7298.51458
Dominica,DMA,2018,554770370.4,7745.376963
Dominica,DMA,2019,611537037,8516.280039
Dominica,DMA,2020,504214814.8,7003.859021
Dominican_Republic,DOM,2015,71164825257,6921.520594
Dominican_Republic,DOM,2016,75704720190,7280.88361
Dominican_Republic,DOM,2017,79997975622,7609.353275
Dominican_Republic,DOM,2018,85555378043,8050.644076
Dominican_Republic,DOM,2019,88941299734,8282.117131
Dominican_Republic,DOM,2020,78844702329,7268.19691
Ecuador,ECU,2015,99290381000,6124.490887
Ecuador,ECU,2016,99937696000,6060.092962
Ecuador,ECU,2017,1.04296E+11,6213.503127
Ecuador,ECU,2018,1.07562E+11,6295.934662
Ecuador,ECU,2019,1.08108E+11,6222.524653
Ecuador,ECU,2020,99291124000,5627.77228
"Egypt,_Arab_Rep.",EGY,2015,3.29367E+11,3562.932658
"Egypt,_Arab_Rep.",EGY,2016,3.32442E+11,3519.87324
"Egypt,_Arab_Rep.",EGY,2017,2.35734E+11,2444.290387
"Egypt,_Arab_Rep.",EGY,2018,2.49713E+11,2537.125185
"Egypt,_Arab_Rep.",EGY,2019,3.03081E+11,3019.092283
"Egypt,_Arab_Rep.",EGY,2020,3.65253E+11,3569.206841
El_Salvador,SLV,2015,23438240000,3705.579704
El_Salvador,SLV,2016,24191430000,3805.995686
El_Salvador,SLV,2017,24979190000,3910.254403
El_Salvador,SLV,2018,26020850000,4052.624775
El_Salvador,SLV,2019,26896660000,4167.730939
El_Salvador,SLV,2020,24638720000,3798.636521
Equatorial_Guinea,GNQ,2015,13185496836,11283.39802
Equatorial_Guinea,GNQ,2016,11240809132,9250.316728
Equatorial_Guinea,GNQ,2017,12200912828,9667.856962
Equatorial_Guinea,GNQ,2018,13097011208,10005.61604
Equatorial_Guinea,GNQ,2019,11364134109,8380.741122
Equatorial_Guinea,GNQ,2020,10099157270,7198.335884
Eritrea,ERI,2015,2.64582E+12,16179.62179
Eritrea,ERI,2016,2.64582E+12,16179.62179
Eritrea,ERI,2017,2.64582E+12,16179.62179
Eritrea,ERI,2018,2.64582E+12,16179.62179
Eritrea,ERI,2019,2.64582E+12,16179.62179
Eritrea,ERI,2020,2.64582E+12,16179.62179
Estonia,EST,2015,22890762090,17402.03761
Estonia,EST,2016,24072829277,18295.34293
Estonia,EST,2017,26924385103,20437.76538
Estonia,EST,2018,30489500905,23063.56382
Estonia,EST,2019,31045591753,23397.87826
Estonia,EST,2020,30650285472,23054.35849
Eswatini,SWZ,2015,4063245671,3680.349473
Eswatini,SWZ,2016,3816022047,3425.531957
Eswatini,SWZ,2017,4402969226,3914.418484
Eswatini,SWZ,2018,4666784618,4107.094431
Eswatini,SWZ,2019,4466066557,3889.851226
Eswatini,SWZ,2020,3984840580,3434.721798
Ethiopia,ETH,2015,64589334979,640.5419231
Ethiopia,ETH,2016,74296618481,717.1248698
Ethiopia,ETH,2017,81770791971,768.5230154
Ethiopia,ETH,2018,84269348327,771.5248663
Ethiopia,ETH,2019,95912590628,855.7608852
Ethiopia,ETH,2020,1.07658E+11,936.4507576
Faroe_Islands,FRO,2015,2561824641,53310.26201
Faroe_Islands,FRO,2016,2804863556,58224.80551
Faroe_Islands,FRO,2017,2969876872,61455.05261
Faroe_Islands,FRO,2018,3180074747,65572.60753
Faroe_Islands,FRO,2019,3268839776,67153.68194
Faroe_Islands,FRO,2020,3240759989,66320.6792
Fiji,FJI,2015,4682546863,5390.714207
Fiji,FJI,2016,4930204230,5651.272721
Fiji,FJI,2017,5353404422,6101.02389
Fiji,FJI,2018,5581371850,6317.413723
Fiji,FJI,2019,5496264766,6175.890653
Fiji,FJI,2020,4574413823,5102.843929
Finland,FIN,2015,2.34534E+11,42801.90812
Finland,FIN,2016,2.40771E+11,43814.02651
Finland,FIN,2017,2.55648E+11,46412.13648
Finland,FIN,2018,2.75715E+11,49988.91085
Finland,FIN,2019,2.68508E+11,48628.64176
Finland,FIN,2020,2.71837E+11,49160.83715
France,FRA,2015,2.43919E+12,36652.92231
France,FRA,2016,2.47296E+12,37062.53357
France,FRA,2017,2.59515E+12,38781.04949
France,FRA,2018,2.79096E+12,41592.7959
France,FRA,2019,2.72887E+12,40578.64429
France,FRA,2020,2.63032E+12,39037.12263
French_Polynesia,PYF,2015,5325848045,19500.10086
French_Polynesia,PYF,2016,5497037293,20020.09386
French_Polynesia,PYF,2017,5833351478,21127.06433
French_Polynesia,PYF,2018,6135117589,22094.75746
French_Polynesia,PYF,2019,6008055248,21512.2733
French_Polynesia,PYF,2020,5669368717,20182.5845
Gabon,GAB,2015,14383107714,7384.700704
Gabon,GAB,2016,14023890620,6984.419712
Gabon,GAB,2017,14929488771,7230.434912
Gabon,GAB,2018,16867325127,7959.007267
Gabon,GAB,2019,16874405840,7766.996554
Gabon,GAB,2020,15316824039,6881.714225
"Gambia,_The",GMB,2015,1378176868,660.7235712
"Gambia,_The",GMB,2016,1484579844,690.7804932
"Gambia,_The",GMB,2017,1504909753,679.7550717
"Gambia,_The",GMB,2018,1670670669,732.7207273
"Gambia,_The",GMB,2019,1813608280,772.5055883
"Gambia,_The",GMB,2020,1830413000,757.4131116
Georgia,GEO,2015,14953950557,4014.185944
Georgia,GEO,2016,15141758567,4062.169888
Georgia,GEO,2017,16242916916,4357.000936
Georgia,GEO,2018,17596922470,4722.042423
Georgia,GEO,2019,17470436259,4696.150586
Georgia,GEO,2020,15842922533,4255.742993
Germany,DEU,2015,3.35759E+12,41103.25644
Germany,DEU,2016,3.46985E+12,42136.12079
Germany,DEU,2017,3.69085E+12,44652.58917
Germany,DEU,2018,3.97729E+12,47973.60762
Germany,DEU,2019,3.88833E+12,46794.89929
Germany,DEU,2020,3.84641E+12,46252.6893
Ghana,GHA,2015,49406568433,1774.074771
Ghana,GHA,2016,56165172899,1971.956935
Ghana,GHA,2017,60406382899,2074.290733
Ghana,GHA,2018,67299280680,2260.860567
Ghana,GHA,2019,68337537816,2246.625578
Ghana,GHA,2020,70043199814,2254.153889
Gibraltar,GIB,2015,2.64582E+12,16179.62179
Gibraltar,GIB,2016,2.64582E+12,16179.62179
Gibraltar,GIB,2017,2.64582E+12,16179.62179
Gibraltar,GIB,2018,2.64582E+12,16179.62179
Gibraltar,GIB,2019,2.64582E+12,16179.62179
Gibraltar,GIB,2020,2.64582E+12,16179.62179
Greece,GRC,2015,1.95684E+11,18083.87791
Greece,GRC,2016,1.93148E+11,17923.96681
Greece,GRC,2017,1.99844E+11,18582.08934
Greece,GRC,2018,2.12049E+11,19756.99046
Greece,GRC,2019,2.05144E+11,19133.75776
Greece,GRC,2020,1.88835E+11,17647.23269
Greenland,GRL,2015,2499115623,44536.40131
Greenland,GRL,2016,2707146783,48181.87419
Greenland,GRL,2017,2851610656,50766.59942
Greenland,GRL,2018,3055791341,54545.29998
Greenland,GRL,2019,2994332324,53256.24409
Greenland,GRL,2020,3075968329,54570.37502
Grenada,GRD,2015,997007925.9,9096.538652
Grenada,GRD,2016,1061640741,9628.259169
Grenada,GRD,2017,1125685185,10152.83281
Grenada,GRD,2018,1166523556,10466.88221
Grenada,GRD,2019,1213485185,10834.49568
Grenada,GRD,2020,1043411111,9273.199292
Guam,GUM,2015,5799000000,35829.25036
Guam,GUM,2016,5901000000,36214.00692
Guam,GUM,2017,6013000000,36601.91988
Guam,GUM,2018,6060000000,36556.67491
Guam,GUM,2019,6364000000,38040.58699
Guam,GUM,2020,5844000000,34624.34013
Guatemala,GTM,2015,62186186576,3994.636913
Guatemala,GTM,2016,66053725049,4173.301666
Guatemala,GTM,2017,71654134379,4454.04815
Guatemala,GTM,2018,73208583759,4478.424646
Guatemala,GTM,2019,77020015201,4638.634943
Guatemala,GTM,2020,77604632621,4603.339643
Guinea,GIN,2015,8794202444,769.2554754
Guinea,GIN,2016,8595955581,732.2915119
Guinea,GIN,2017,10324668267,855.5752706
Guinea,GIN,2018,11857030337,955.1112811
Guinea,GIN,2019,13442861444,1052.588091
Guinea,GIN,2020,14169626010,1078.950006
Guinea-Bissau,GNB,2015,1048229629,603.3993815
Guinea-Bissau,GNB,2016,1179004941,661.4578387
Guinea-Bissau,GNB,2017,1350177128,738.5499449
Guinea-Bissau,GNB,2018,1504630121,802.7673851
Guinea-Bissau,GNB,2019,1439638443,749.453747
Guinea-Bissau,GNB,2020,1431758243,727.5201717
Guyana,GUY,2015,4279840194,5576.825852
Guyana,GUY,2016,4482697337,5811.397924
Guyana,GUY,2017,4748174334,6124.95367
Guyana,GUY,2018,4787636237,6145.819277
Guyana,GUY,2019,5173760192,6609.51128
Guyana,GUY,2020,5471256595,6955.939217
Haiti,HTI,2015,14833154472,1386.854191
Haiti,HTI,2016,13987693739,1290.380508
Haiti,HTI,2017,15035560373,1369.063734
Haiti,HTI,2018,16455034353,1479.345827
Haiti,HTI,2019,14785839383,1312.770636
Haiti,HTI,2020,14508218017,1272.367992
Honduras,HND,2015,20979767785,2302.204411
Honduras,HND,2016,21717622071,2342.584904
Honduras,HND,2017,23136232230,2453.727115
Honduras,HND,2018,24067778954,2510.322943
Honduras,HND,2019,25089976947,2574.356751
Honduras,HND,2020,23827840810,2405.732848
"Hong_Kong_SAR,_China",HKG,2015,3.09384E+11,42431.88828
"Hong_Kong_SAR,_China",HKG,2016,3.20858E+11,43733.91636
"Hong_Kong_SAR,_China",HKG,2017,3.41273E+11,46160.42979
"Hong_Kong_SAR,_China",HKG,2018,3.61731E+11,48537.56689
"Hong_Kong_SAR,_China",HKG,2019,3.63052E+11,48356.0635
"Hong_Kong_SAR,_China",HKG,2020,3.44881E+11,46100.97587
Hungary,HUN,2015,1.2521E+11,12720.71202
Hungary,HUN,2016,1.28636E+11,13107.37791
Hungary,HUN,2017,1.43136E+11,14623.69665
Hungary,HUN,2018,1.60587E+11,16427.37276
Hungary,HUN,2019,1.63526E+11,16735.65978
Hungary,HUN,2020,1.56743E+11,16075.97327
Iceland,ISL,2015,17517210519,52951.68151
Iceland,ISL,2016,20793168031,61987.92636
Iceland,ISL,2017,24728285177,72010.14903
Iceland,ISL,2018,26267063758,74469.80406
Iceland,ISL,2019,24857740445,68941.46223
Iceland,ISL,2020,21718075725,59264.03409
India,IND,2015,2.10359E+12,1605.605445
India,IND,2016,2.2948E+12,1732.554242
India,IND,2017,2.65147E+12,1980.66702
India,IND,2018,2.70293E+12,1998.259076
India,IND,2019,2.83155E+12,2072.244897
India,IND,2020,2.66769E+12,1933.101069
Indonesia,IDN,2015,8.60854E+11,3331.695115
Indonesia,IDN,2016,9.31877E+11,3562.816334
Indonesia,IDN,2017,1.01562E+12,3837.578024
Indonesia,IDN,2018,1.04227E+12,3893.859578
Indonesia,IDN,2019,1.1191E+12,4135.233344
Indonesia,IDN,2020,1.05869E+12,3870.55762
"Iran,_Islamic_Rep.",IRN,2015,4.08213E+11,5200.680787
"Iran,_Islamic_Rep.",IRN,2016,4.57955E+11,5755.802448
"Iran,_Islamic_Rep.",IRN,2017,4.8663E+11,6032.065127
"Iran,_Islamic_Rep.",IRN,2018,3.30992E+11,4046.341864
"Iran,_Islamic_Rep.",IRN,2019,2.91363E+11,3514.042168
"Iran,_Islamic_Rep.",IRN,2020,2.31548E+11,2756.749977
Iraq,IRQ,2015,1.66774E+11,4688.318017
Iraq,IRQ,2016,1.66602E+11,4550.658638
Iraq,IRQ,2017,1.87218E+11,4985.452879
Iraq,IRQ,2018,2.27367E+11,5915.850854
Iraq,IRQ,2019,2.33636E+11,5943.458455
Iraq,IRQ,2020,1.8437E+11,4583.747494
Ireland,IRL,2015,2.9158E+11,62012.48493
Ireland,IRL,2016,2.98928E+11,62861.63912
Ireland,IRL,2017,3.35431E+11,69774.02897
Ireland,IRL,2018,3.85042E+11,79107.60499
Ireland,IRL,2019,3.99122E+11,80886.61574
Ireland,IRL,2020,4.25889E+11,85422.54287
Isle_of_Man,IMN,2015,7085288006,85126.97047
Isle_of_Man,IMN,2016,6846691871,82197.12677
Isle_of_Man,IMN,2017,6979581725,83477.83429
Isle_of_Man,IMN,2018,7491969313,89112.66772
Isle_of_Man,IMN,2019,7315388052,86481.55259
Isle_of_Man,IMN,2020,2.64582E+12,16179.62179
Israel,ISR,2015,3.00078E+11,35808.43643
Israel,ISR,2016,3.19024E+11,37330.2618
Israel,ISR,2017,3.55277E+11,40774.12961
Israel,ISR,2018,3.73641E+11,42063.45313
Israel,ISR,2019,3.97935E+11,43951.24773
Israel,ISR,2020,4.07101E+11,44177.57122
Italy,ITA,2015,1.83664E+12,30242.38614
Italy,ITA,2016,1.87707E+12,30960.73151
Italy,ITA,2017,1.9618E+12,32406.72032
Italy,ITA,2018,2.09193E+12,34622.16967
Italy,ITA,2019,2.01129E+12,33673.47545
Italy,ITA,2020,1.89257E+12,31834.97262
Jamaica,JAM,2015,14188935948,4907.927415
Jamaica,JAM,2016,14077109397,4843.7499
Jamaica,JAM,2017,14808989993,5070.099503
Jamaica,JAM,2018,15730793853,5359.993789
Jamaica,JAM,2019,15830768550,5369.498371
Jamaica,JAM,2020,13812425037,4664.530242
Japan,JPN,2015,4.44493E+12,34960.63938
Japan,JPN,2016,5.00368E+12,39375.47316
Japan,JPN,2017,4.93084E+12,38834.05293
Japan,JPN,2018,5.03784E+12,39727.1166
Japan,JPN,2019,5.12332E+12,40458.00188
Japan,JPN,2020,5.04011E+12,39918.16756
Jordan,JOR,2015,38587017887,4164.108769
Jordan,JOR,2016,39892551127,4175.356602
Jordan,JOR,2017,41408960845,4231.51828
Jordan,JOR,2018,42932112676,4308.151074
Jordan,JOR,2019,44502895915,4405.487109
Jordan,JOR,2020,43697659296,4282.765825
Kazakhstan,KAZ,2015,1.84388E+11,10510.77189
Kazakhstan,KAZ,2016,1.37278E+11,7714.841844
Kazakhstan,KAZ,2017,1.66806E+11,9247.581331
Kazakhstan,KAZ,2018,1.7934E+11,9812.626371
Kazakhstan,KAZ,2019,1.81667E+11,9812.595808
Kazakhstan,KAZ,2020,1.71082E+11,9121.637138
Kenya,KEN,2015,70120413329,1464.554009
Kenya,KEN,2016,74815121315,1525.235192
Kenya,KEN,2017,82035800868,1633.491216
Kenya,KEN,2018,92202956321,1794.091175
Kenya,KEN,2019,1.0038E+11,1909.304537
Kenya,KEN,2020,1.00667E+11,1872.124026
Kiribati,KIR,2015,170291002,1535.162783
Kiribati,KIR,2016,178509814.1,1586.344978
Kiribati,KIR,2017,188192060.1,1648.594957
Kiribati,KIR,2018,196230573.8,1693.950155
Kiribati,KIR,2019,177935349.3,1512.95277
Kiribati,KIR,2020,180911843.6,1514.591059
"Korea,_Dem._People's_Rep.",PRK,2015,2.64582E+12,16179.62179
"Korea,_Dem._People's_Rep.",PRK,2016,2.64582E+12,16179.62179
"Korea,_Dem._People's_Rep.",PRK,2017,2.64582E+12,16179.62179
"Korea,_Dem._People's_Rep.",PRK,2018,2.64582E+12,16179.62179
"Korea,_Dem._People's_Rep.",PRK,2019,2.64582E+12,16179.62179
"Korea,_Dem._People's_Rep.",PRK,2020,2.64582E+12,16179.62179
"Korea,_Rep.",KOR,2015,1.46577E+12,28732.23108
"Korea,_Rep.",KOR,2016,1.50011E+12,29288.87044
"Korea,_Rep.",KOR,2017,1.6239E+12,31616.8434
"Korea,_Rep.",KOR,2018,1.72485E+12,33436.92306
"Korea,_Rep.",KOR,2019,1.65142E+12,31902.4169
"Korea,_Rep.",KOR,2020,1.6379E+12,31597.50465
Kosovo,XKX,2015,6295820482,3520.766449
Kosovo,XKX,2016,6682832632,3759.560246
Kosovo,XKX,2017,7180813376,4009.380987
Kosovo,XKX,2018,7878508503,4384.048892
Kosovo,XKX,2019,7899879086,4416.108358
Kosovo,XKX,2020,7716925356,4310.811183
Kuwait,KWT,2015,1.14567E+11,29869.55275
Kuwait,KWT,2016,1.0942E+11,27653.15762
Kuwait,KWT,2017,1.20707E+11,29759.46747
Kuwait,KWT,2018,1.38182E+11,33399.06048
Kuwait,KWT,2019,1.36197E+11,32373.25111
Kuwait,KWT,2020,1.0596E+11,24811.76971
Kyrgyz_Republic,KGZ,2015,6678178340,1121.082835
Kyrgyz_Republic,KGZ,2016,6813092066,1120.666513
Kyrgyz_Republic,KGZ,2017,7702934800,1242.769643
Kyrgyz_Republic,KGZ,2018,8271108638,1308.140165
Kyrgyz_Republic,KGZ,2019,8871026074,1374.032105
Kyrgyz_Republic,KGZ,2020,7780874537,1182.5217
Lao_PDR,LAO,2015,14426381187,2140.044323
Lao_PDR,LAO,2016,15912495369,2324.400917
Lao_PDR,LAO,2017,17071162084,2455.211559
Lao_PDR,LAO,2018,18141651381,2569.093892
Lao_PDR,LAO,2019,18740559554,2613.944427
Lao_PDR,LAO,2020,18981800705,2608.982833
Latvia,LVA,2015,27263090547,13786.4568
Latvia,LVA,2016,28083597512,14331.75159
Latvia,LVA,2017,30483806018,15695.11515
Latvia,LVA,2018,34429023435,17865.03109
Latvia,LVA,2019,34308783825,17926.84159
Latvia,LVA,2020,33645460617,17703.95344
Lebanon,LBN,2015,49929337837,7643.008718
Lebanon,LBN,2016,51147308774,7617.689634
Lebanon,LBN,2017,53027680686,7776.034642
Lebanon,LBN,2018,54901519156,8003.827612
Lebanon,LBN,2019,51605959131,7527.44306
Lebanon,LBN,2020,25948915861,3801.792743
Lesotho,LSO,2015,2359759799,1146.064688
Lesotho,LSO,2016,2114020380,1018.784872
Lesotho,LSO,2017,2306185361,1102.629728
Lesotho,LSO,2018,2514146888,1192.48432
Lesotho,LSO,2019,2451257579,1153.388058
Lesotho,LSO,2020,2250717718,1050.631634
Liberia,LBR,2015,3227075700,721.5810505
Liberia,LBR,2016,3398419600,740.914906
Liberia,LBR,2017,3390703400,721.085044
Liberia,LBR,2018,3422754800,710.2659984
Liberia,LBR,2019,3319596500,672.3404992
Liberia,LBR,2020,3039982540,601.0630058
Libya,LBY,2015,48717854040,7590.442981
Libya,LBY,2016,49910960875,7687.882134
Libya,LBY,2017,67158415842,10205.32483
Libya,LBY,2018,76684175824,11482.13364
Libya,LBY,2019,69252306372,10218.04303
Libya,LBY,2020,52320215472,7614.325449
Liechtenstein,LIE,2015,6268391521,167313.2663
Liechtenstein,LIE,2016,6237264055,165642.3863
Liechtenstein,LIE,2017,6474256119,171253.9643
Liechtenstein,LIE,2018,6692504346,176499.4026
Liechtenstein,LIE,2019,6427248943,169049.1569
Liechtenstein,LIE,2020,2.64582E+12,16179.62179
Lithuania,LTU,2015,41435533340,14263.96458
Lithuania,LTU,2016,43047309306,15008.31324
Lithuania,LTU,2017,47758736932,16885.40739
Lithuania,LTU,2018,53750911866,19186.18128
Lithuania,LTU,2019,54697379017,19575.76848
Lithuania,LTU,2020,56546957475,20232.30204
Luxembourg,LUX,2015,60071584216,105462.0126
Luxembourg,LUX,2016,62216885436,106899.2935
Luxembourg,LUX,2017,65712180343,110193.2138
Luxembourg,LUX,2018,71285019397,117254.7404
Luxembourg,LUX,2019,70195715496,113218.7133
Luxembourg,LUX,2020,73353132794,116356.158
"Macao_SAR,_China",MAC,2015,45047964934,74818.94813
"Macao_SAR,_China",MAC,2016,45070605746,73545.75824
"Macao_SAR,_China",MAC,2017,50440941939,81019.47377
"Macao_SAR,_China",MAC,2018,55284360483,87526.07999
"Macao_SAR,_China",MAC,2019,55204758070,86197.36569
"Macao_SAR,_China",MAC,2020,25586111076,39403.13591
Madagascar,MDG,2015,11323020829,467.2354316
Madagascar,MDG,2016,11848613735,475.9555568
Madagascar,MDG,2017,13176313594,515.2933234
Madagascar,MDG,2018,13614412551,518.401123
Madagascar,MDG,2019,14191911512,526.2245722
Madagascar,MDG,2020,13225591804,477.6130414
Malawi,MWI,2015,6373212641,380.5969877
Malawi,MWI,2016,5433040160,315.7779871
Malawi,MWI,2017,8943543677,506.1372944
Malawi,MWI,2018,9880676219,544.5934593
Malawi,MWI,2019,11025370769,591.8470837
Malawi,MWI,2020,12172128470,636.2863096
Malaysia,MYS,2015,3.01355E+11,9955.242722
Malaysia,MYS,2016,3.01255E+11,9817.78709
Malaysia,MYS,2017,3.19112E+11,10259.30481
Malaysia,MYS,2018,3.58792E+11,11380.07922
Malaysia,MYS,2019,3.65276E+11,11432.82603
Malaysia,MYS,2020,3.37006E+11,10412.34767
Maldives,MDV,2015,4109424800,9033.41027
Maldives,MDV,2016,4379136462,9209.443564
Maldives,MDV,2017,4754175869,9577.346946
Maldives,MDV,2018,5300962660,10279.07998
Maldives,MDV,2019,5607762625,10561.61351
Maldives,MDV,2020,3742769967,6924.105745
Mali,MLI,2015,13104764379,751.4728892
Mali,MLI,2016,14026048334,780.7235497
Mali,MLI,2017,15365713059,830.0214445
Mali,MLI,2018,17070867578,894.8048435
Mali,MLI,2019,17280250805,879.0431675
Mali,MLI,2020,17465392779,862.453012
Malta,MLT,2015,11091434484,24921.60368
Malta,MLT,2016,11668286795,25624.53727
Malta,MLT,2017,13505056442,28857.01987
Malta,MLT,2018,15301279478,31573.11656
Malta,MLT,2019,15719500921,31185.64962
Malta,MLT,2020,14917038504,28946.46268
Marshall_Islands,MHL,2015,183814300,3199.886846
Marshall_Islands,MHL,2016,201510900,3490.998389
Marshall_Islands,MHL,2017,213204100,3672.576783
Marshall_Islands,MHL,2018,221588900,3793.550983
Marshall_Islands,MHL,2019,239462200,4073.10983
Marshall_Islands,MHL,2020,244462400,4129.850998
Mauritania,MRT,2015,6166863960,1524.073317
Mauritania,MRT,2016,6398747532,1536.855615
Mauritania,MRT,2017,6800135962,1587.858904
Mauritania,MRT,2018,7352533586,1669.773476
Mauritania,MRT,2019,7889655284,1743.301317
Mauritania,MRT,2020,7915985514,1702.486959
Mauritius,MUS,2015,11692287066,9260.447303
Mauritius,MUS,2016,12232463656,9681.618567
Mauritius,MUS,2017,13259351418,10484.90836
Mauritius,MUS,2018,14181951059,11208.34382
Mauritius,MUS,2019,14045808843,11097.16898
Mauritius,MUS,2020,10926820603,8632.752859
Mexico,MEX,2015,1.17187E+12,9616.645558
Mexico,MEX,2016,1.07849E+12,8744.515559
Mexico,MEX,2017,1.15891E+12,9287.849587
Mexico,MEX,2018,1.22241E+12,9686.984927
Mexico,MEX,2019,1.2694E+12,9950.217622
Mexico,MEX,2020,1.08712E+12,8431.665017
"Micronesia,_Fed._Sts.",FSM,2015,316489900,2906.617012
"Micronesia,_Fed._Sts.",FSM,2016,332265200,3014.700358
"Micronesia,_Fed._Sts.",FSM,2017,366666800,3289.642117
"Micronesia,_Fed._Sts.",FSM,2018,401932300,3568.291016
"Micronesia,_Fed._Sts.",FSM,2019,412479413.4,3624.249092
"Micronesia,_Fed._Sts.",FSM,2020,407515928,3542.969788
Moldova,MDA,2015,7745241913,2732.46073
Moldova,MDA,2016,8071469355,2880.43529
Moldova,MDA,2017,9669741744,3509.686829
Moldova,MDA,2018,11457443185,4230.626969
Moldova,MDA,2019,11971345003,4492.10574
Moldova,MDA,2020,11859730544,4525.759654
Monaco,MCO,2015,6261622101,165989.5051
Monaco,MCO,2016,6472990923,170028.6557
Monaco,MCO,2017,6431314957,167517.0597
Monaco,MCO,2018,7194024563,185978.6093
Monaco,MCO,2019,7383745662,189487.1471
Monaco,MCO,2020,6816219303,173688.1894
Mongolia,MNG,2015,11619892396,3875.321675
Mongolia,MNG,2016,11181350461,3658.3903
Mongolia,MNG,2017,11480847745,3687.100003
Mongolia,MNG,2018,13178094459,4156.84697
Mongolia,MNG,2019,14206359007,4404.84583
Mongolia,MNG,2020,13312981595,4060.950518
Montenegro,MNE,2015,4054728173,6517.189614
Montenegro,MNE,2016,4376929572,7033.438006
Montenegro,MNE,2017,4856602179,7803.362579
Montenegro,MNE,2018,5506944403,8850.378404
Montenegro,MNE,2019,5542201151,8909.890151
Montenegro,MNE,2020,4780722122,7694.633759
Morocco,MAR,2015,1.0118E+11,2875.258057
Morocco,MAR,2016,1.03312E+11,2896.722168
Morocco,MAR,2017,1.09683E+11,3035.454346
Morocco,MAR,2018,1.18096E+11,3226.98291
Morocco,MAR,2019,1.1987E+11,3235.000732
Morocco,MAR,2020,1.14725E+11,3058.69165
Mozambique,MOZ,2015,15950979333,589.8594314
Mozambique,MOZ,2016,11936993087,428.9264503
Mozambique,MOZ,2017,13219079498,461.4149278
Mozambique,MOZ,2018,14845400593,503.3020092
Mozambique,MOZ,2019,15390031040,506.8171391
Mozambique,MOZ,2020,14028811072,448.8438914
Myanmar,MMR,2015,63045305229,1196.743333
Myanmar,MMR,2016,60291736894,1136.610627
Myanmar,MMR,2017,61449392056,1151.114464
Myanmar,MMR,2018,67144725831,1250.173685
Myanmar,MMR,2019,68697759361,1271.111536
Myanmar,MMR,2020,78930257227,1450.662673
Namibia,NAM,2015,11335179562,4896.61526
Namibia,NAM,2016,10721994677,4546.986688
Namibia,NAM,2017,12895153160,5367.114674
Namibia,NAM,2018,13682062249,5588.392864
Namibia,NAM,2019,12543203411,5028.295342
Namibia,NAM,2020,10562637376,4157.019506
Nauru,NRU,2015,86529661.37,8341.012278
Nauru,NRU,2016,99723394.96,9521.042101
Nauru,NRU,2017,109359680.2,10339.38548
Nauru,NRU,2018,124021393.7,11614.66508
Nauru,NRU,2019,118724073.8,11029.73558
Nauru,NRU,2020,114626625.6,10580.26819
Nepal,NPL,2015,24360795411,901.7496077
Nepal,NPL,2016,24524098185,899.523581
Nepal,NPL,2017,28971589213,1048.453755
Nepal,NPL,2018,33111525872,1178.525957
Nepal,NPL,2019,34186190996,1194.957236
Nepal,NPL,2020,33433670512,1147.471971
Netherlands,NLD,2015,7.65573E+11,45193.40322
Netherlands,NLD,2016,7.8406E+11,46039.10593
Netherlands,NLD,2017,8.3387E+11,48675.22234
Netherlands,NLD,2018,9.14043E+11,53044.53244
Netherlands,NLD,2019,9.10194E+11,52476.27325
Netherlands,NLD,2020,9.13865E+11,52396.03221
New_Caledonia,NCL,2015,8738205837,32520.30457
New_Caledonia,NCL,2016,8724570250,32391.20197
New_Caledonia,NCL,2017,9173668102,33976.54853
New_Caledonia,NCL,2018,9846922416,36382.49553
New_Caledonia,NCL,2019,9438130987,34788.54031
New_Caledonia,NCL,2020,9435529927,34694.5504
New_Zealand,NZL,2015,1.78064E+11,38630.72659
New_Zealand,NZL,2016,1.88838E+11,40058.19616
New_Zealand,NZL,2017,2.06624E+11,42924.9956
New_Zealand,NZL,2018,2.11953E+11,43250.44097
New_Zealand,NZL,2019,2.13435E+11,42865.23364
New_Zealand,NZL,2020,2.11735E+11,41596.5055
Nicaragua,NIC,2015,12756706583,2049.851666
Nicaragua,NIC,2016,13286083645,2107.57406
Nicaragua,NIC,2017,13785909906,2159.161926
Nicaragua,NIC,2018,13025239912,2014.575189
Nicaragua,NIC,2019,12596636042,1924.471816
Nicaragua,NIC,2020,12586941393,1900.043594
Niger,NER,2015,9683867894,484.1531374
Niger,NER,2016,10398862245,500.2149113
Niger,NER,2017,11185102400,517.7715723
Niger,NER,2018,12808660528,570.723922
Niger,NER,2019,12916455161,554.0993893
Niger,NER,2020,13741378450,567.6698923
Nigeria,NGA,2015,4.86803E+11,2687.480056
Nigeria,NGA,2016,4.0465E+11,2176.002772
Nigeria,NGA,2017,3.75746E+11,1968.565398
Nigeria,NGA,2018,3.9719E+11,2027.778549
Nigeria,NGA,2019,4.4812E+11,2229.858652
Nigeria,NGA,2020,4.32294E+11,2097.092473
North_Macedonia,MKD,2015,10064515432,4861.553971
North_Macedonia,MKD,2016,10672471861,5149.589074
North_Macedonia,MKD,2017,11307058382,5450.492881
North_Macedonia,MKD,2018,12683070061,6108.740108
North_Macedonia,MKD,2019,12606338449,6070.388054
North_Macedonia,MKD,2020,12116981815,5846.465899
Northern_Mariana_Islands,MNP,2015,910000000,16314.38355
Northern_Mariana_Islands,MNP,2016,1230000000,21891.18479
Northern_Mariana_Islands,MNP,2017,1560000000,27584.74351
Northern_Mariana_Islands,MNP,2018,1302000000,22886.67405
Northern_Mariana_Islands,MNP,2019,1182000000,20659.64029
Northern_Mariana_Islands,MNP,2020,2.64582E+12,16179.62179
Norway,NOR,2015,3.85802E+11,74355.51586
Norway,NOR,2016,3.68827E+11,70460.56053
Norway,NOR,2017,3.98394E+11,75496.75406
Norway,NOR,2018,4.37E+11,82267.80932
Norway,NOR,2019,4.04941E+11,75719.7529
Norway,NOR,2020,3.62198E+11,67329.67779
Oman,OMN,2015,78710793238,18444.927
Oman,OMN,2016,75128738622,16772.73921
Oman,OMN,2017,80856697009,17329.18546
Oman,OMN,2018,91505851756,18947.3665
Oman,OMN,2019,88060858257,17700.70349
Oman,OMN,2020,73971391417,14485.38612
Pakistan,PAK,2015,2.70556E+11,1356.667831
Pakistan,PAK,2016,3.1363E+11,1540.184503
Pakistan,PAK,2017,3.39206E+11,1631.531909
Pakistan,PAK,2018,3.56128E+11,1678.04315
Pakistan,PAK,2019,3.20909E+11,1481.813864
Pakistan,PAK,2020,3.00306E+11,1359.514522
Palau,PLW,2015,280457700,15876.46193
Palau,PLW,2016,298300000,16835.986
Palau,PLW,2017,285300000,16019.98989
Palau,PLW,2018,284700000,15895.2599
Palau,PLW,2019,274200000,15232.48708
Palau,PLW,2020,257700000,14243.86469
Panama,PAN,2015,54091713800,13630.30115
Panama,PAN,2016,57907695400,14343.98026
Panama,PAN,2017,62202725200,15146.40851
Panama,PAN,2018,64929409200,15544.99908
Panama,PAN,2019,66984427200,15774.25495
Panama,PAN,2020,53977037000,12509.83529
Papua_New_Guinea,PNG,2015,21723531173,2679.346579
Papua_New_Guinea,PNG,2016,20759069103,2509.629637
Papua_New_Guinea,PNG,2017,22742613554,2695.249009
Papua_New_Guinea,PNG,2018,24109509853,2801.371393
Papua_New_Guinea,PNG,2019,24751344561,2820.306397
Papua_New_Guinea,PNG,2020,24667052023,2757.011019
Paraguay,PRY,2015,36211372703,5413.776021
Paraguay,PRY,2016,36089550659,5324.609068
Paraguay,PRY,2017,38997129474,5678.869972
Paraguay,PRY,2018,40225448341,5782.78455
Paraguay,PRY,2019,37925338329,5383.574422
Paraguay,PRY,2020,35432178068,4967.687212
Peru,PER,2015,1.89805E+11,6229.100674
Peru,PER,2016,1.91896E+11,6204.996457
Peru,PER,2017,2.11007E+11,6710.507602
Peru,PER,2018,2.22597E+11,6958.497262
Peru,PER,2019,2.28323E+11,7023.077526
Peru,PER,2020,2.01705E+11,6117.493571
Philippines,PHL,2015,3.06446E+11,3001.043182
Philippines,PHL,2016,3.18627E+11,3073.654686
Philippines,PHL,2017,3.28481E+11,3123.245642
Philippines,PHL,2018,3.46842E+11,3252.110274
Philippines,PHL,2019,3.76823E+11,3485.340844
Philippines,PHL,2020,3.61751E+11,3301.218603
Poland,POL,2015,4.77812E+11,12578.49547
Poland,POL,2016,4.7263E+11,12447.43959
Poland,POL,2017,5.26509E+11,13864.68176
Poland,POL,2018,5.87412E+11,15468.48222
Poland,POL,2019,5.97281E+11,15732.20313
Poland,POL,2020,5.96624E+11,15742.45373
Portugal,PRT,2015,1.99394E+11,19250.10654
Portugal,PRT,2016,2.06426E+11,19991.97249
Portugal,PRT,2017,2.21358E+11,21490.42986
Portugal,PRT,2018,2.42313E+11,23562.55452
Portugal,PRT,2019,2.39987E+11,23330.81729
Portugal,PRT,2020,2.28539E+11,22194.56611
Puerto_Rico,PRI,2015,1.03376E+11,29763.4883
Puerto_Rico,PRI,2016,1.04337E+11,30627.1634
Puerto_Rico,PRI,2017,1.03446E+11,31108.76057
Puerto_Rico,PRI,2018,1.00925E+11,31604.70151
Puerto_Rico,PRI,2019,1.04915E+11,32850.54861
Puerto_Rico,PRI,2020,1.03138E+11,31429.86612
Qatar,QAT,2015,1.6174E+11,63039.11263
Qatar,QAT,2016,1.51732E+11,57162.96801
Qatar,QAT,2017,1.61099E+11,59124.86727
Qatar,QAT,2018,1.83335E+11,65907.94843
Qatar,QAT,2019,1.75838E+11,62087.97413
Qatar,QAT,2020,1.44411E+11,50124.38594
Romania,ROU,2015,1.77729E+11,8969.148921
Romania,ROU,2016,1.88129E+11,9548.587403
Romania,ROU,2017,2.11695E+11,10807.00917
Romania,ROU,2018,2.41457E+11,12398.98198
Romania,ROU,2019,2.49882E+11,12899.34611
Romania,ROU,2020,2.49511E+11,12956.56625
Russian_Federation,RUS,2015,1.36348E+12,9313.013672
Russian_Federation,RUS,2016,1.27679E+12,8704.898438
Russian_Federation,RUS,2017,1.5742E+12,10720.33301
Russian_Federation,RUS,2018,1.65733E+12,11287.36035
Russian_Federation,RUS,2019,1.69311E+12,11536.25098
Russian_Federation,RUS,2020,1.48832E+12,10161.98242
Rwanda,RWA,2015,8539424910,751.1105055
Rwanda,RWA,2016,8690878328,744.7943858
Rwanda,RWA,2017,9252834120,772.2948846
Rwanda,RWA,2018,9642440646,783.8127901
Rwanda,RWA,2019,10356327149,820.1772393
Rwanda,RWA,2020,10184345442,786.3018148
Samoa,WSM,2015,788307314.9,4073.729083
Samoa,WSM,2016,799493897.5,4109.663296
Samoa,WSM,2017,832025556.1,4258.978675
Samoa,WSM,2018,821286938.9,4187.504787
Samoa,WSM,2019,852007104.7,4322.868416
Samoa,WSM,2020,807147527.6,4068.078865
San_Marino,SMR,2015,1419394763,42662.90241
San_Marino,SMR,2016,1468377242,43828.23155
San_Marino,SMR,2017,1528630705,45399.02898
San_Marino,SMR,2018,1655300897,48996.59299
San_Marino,SMR,2019,1616231696,47727.13489
San_Marino,SMR,2020,1544713785,45515.7577
Sao_Tome_and_Principe,STP,2015,316066072.3,1584.775657
Sao_Tome_and_Principe,STP,2016,345495615,1700.097997
Sao_Tome_and_Principe,STP,2017,375614126.2,1813.807434
Sao_Tome_and_Principe,STP,2018,412253809.7,1953.513257
Sao_Tome_and_Principe,STP,2019,427425039.7,1987.579702
Sao_Tome_and_Principe,STP,2020,472914469.9,2157.840446
Saudi_Arabia,SAU,2015,6.5427E+11,20627.92178
Saudi_Arabia,SAU,2016,6.44936E+11,19878.76817
Saudi_Arabia,SAU,2017,6.88586E+11,20802.46179
Saudi_Arabia,SAU,2018,8.16579E+11,24228.83904
Saudi_Arabia,SAU,2019,8.03616E+11,23450.56202
Saudi_Arabia,SAU,2020,7.03368E+11,20203.66888
Senegal,SEN,2015,17774766636,1219.249415
Senegal,SEN,2016,19040312815,1269.903294
Senegal,SEN,2017,20996564752,1361.701972
Senegal,SEN,2018,23116897847,1458.081584
Senegal,SEN,2019,23398811424,1435.830367
Senegal,SEN,2020,24493157583,1462.808169
Serbia,SRB,2015,39655958843,5588.980728
Serbia,SRB,2016,40692643373,5765.200762
Serbia,SRB,2017,44179055280,6292.543629
Serbia,SRB,2018,50640650221,7252.401858
Serbia,SRB,2019,51514222382,7417.203649
Serbia,SRB,2020,53335016425,7730.691746
Seychelles,SYC,2015,1415998663,15157.50183
Seychelles,SYC,2016,1490226454,15740.11063
Seychelles,SYC,2017,1573428277,16416.72607
Seychelles,SYC,2018,1636310049,16910.66792
Seychelles,SYC,2019,1684228529,17252.02078
Seychelles,SYC,2020,1200634489,12193.88687
Sierra_Leone,SLE,2015,4218723875,588.2288628
Sierra_Leone,SLE,2016,3674794530,501.4151655
Sierra_Leone,SLE,2017,3719369107,496.6822949
Sierra_Leone,SLE,2018,4085114794,533.9915333
Sierra_Leone,SLE,2019,4076578543,521.7548367
Sierra_Leone,SLE,2020,4063289450,509.376594
Singapore,SGP,2015,3.08004E+11,55646.61875
Singapore,SGP,2016,3.18832E+11,56860.41324
Singapore,SGP,2017,3.43193E+11,61150.7272
Singapore,SGP,2018,3.76998E+11,66859.33834
Singapore,SGP,2019,3.75473E+11,65831.18943
Singapore,SGP,2020,3.45296E+11,60729.45035
Sint_Maarten_(Dutch_part),SXM,2015,1253072626,32274.89055
Sint_Maarten_(Dutch_part),SXM,2016,1263687151,31616.6817
Sint_Maarten_(Dutch_part),SXM,2017,1191620112,29369.05683
Sint_Maarten_(Dutch_part),SXM,2018,1185474860,28988.25921
Sint_Maarten_(Dutch_part),SXM,2019,2.64582E+12,16179.62179
Sint_Maarten_(Dutch_part),SXM,2020,2.64582E+12,16179.62179
Slovak_Republic,SVK,2015,88636928905,16342.21626
Slovak_Republic,SVK,2016,89674927723,16512.29299
Slovak_Republic,SVK,2017,95393515078,17538.04858
Slovak_Republic,SVK,2018,1.05613E+11,19389.98216
Slovak_Republic,SVK,2019,1.05284E+11,19303.54566
Slovak_Republic,SVK,2020,1.05173E+11,19266.51357
Slovenia,SVN,2015,43107506024,20890.16643
Slovenia,SVN,2016,44766722791,21678.35947
Slovenia,SVN,2017,48589100043,23514.02546
Slovenia,SVN,2018,54163591695,26116.85636
Slovenia,SVN,2019,54178877606,25942.95477
Slovenia,SVN,2020,53589609581,25489.50023
Solomon_Islands,SLB,2015,1307082934,2167.155394
Solomon_Islands,SLB,2016,1378543909,2225.475204
Solomon_Islands,SLB,2017,1483793468,2332.898555
Solomon_Islands,SLB,2018,1574622018,2411.897904
Solomon_Islands,SLB,2019,1570093229,2344.048976
Solomon_Islands,SLB,2020,1545888426,2250.601164
Somalia,SOM,2015,5331761394,386.437817
Somalia,SOM,2016,5529873480,389.8220615
Somalia,SOM,2017,5609000000,384.4634014
Somalia,SOM,2018,5850677296,389.8313955
Somalia,SOM,2019,6476674592,419.3948077
Somalia,SOM,2020,6965285325,438.2551656
South_Africa,ZAF,2015,3.4671E+11,6259.839681
South_Africa,ZAF,2016,3.23586E+11,5756.965741
South_Africa,ZAF,2017,3.81449E+11,6690.939847
South_Africa,ZAF,2018,4.04842E+11,7005.095413
South_Africa,ZAF,2019,3.87935E+11,6624.761865
South_Africa,ZAF,2020,3.35442E+11,5655.867654
South_Sudan,SSD,2015,11997800760,1119.651437
South_Sudan,SSD,2016,2.64582E+12,16179.62179
South_Sudan,SSD,2017,2.64582E+12,16179.62179
South_Sudan,SSD,2018,2.64582E+12,16179.62179
South_Sudan,SSD,2019,2.64582E+12,16179.62179
South_Sudan,SSD,2020,2.64582E+12,16179.62179
Spain,ESP,2015,1.1956E+12,25742.36883
Spain,ESP,2016,1.23291E+12,26523.34822
Spain,ESP,2017,1.31254E+12,28170.16786
Spain,ESP,2018,1.42099E+12,30364.57994
Spain,ESP,2019,1.39305E+12,29554.49052
Spain,ESP,2020,1.28148E+12,27056.42175
Sri_Lanka,LKA,2015,80604080689,3843.780672
Sri_Lanka,LKA,2016,82401038710,3886.291502
Sri_Lanka,LKA,2017,87428128124,4077.043841
Sri_Lanka,LKA,2018,87963042341,4059.20823
Sri_Lanka,LKA,2019,83902574443,3848.212376
Sri_Lanka,LKA,2020,80969683537,3694.040948
St._Kitts_and_Nevis,KNA,2015,958407222.2,18717.42876
St._Kitts_and_Nevis,KNA,2016,1008942296,19542.16228
St._Kitts_and_Nevis,KNA,2017,1060638333,20382.77987
St._Kitts_and_Nevis,KNA,2018,1078505889,20567.25826
St._Kitts_and_Nevis,KNA,2019,1164877852,22047.88303
St._Kitts_and_Nevis,KNA,2020,980905888.9,18440.85368
St._Lucia,LCA,2015,1808079889,10093.61802
St._Lucia,LCA,2016,1865513430,10362.35158
St._Lucia,LCA,2017,1996771441,11034.62983
St._Lucia,LCA,2018,2065127263,11353.71523
St._Lucia,LCA,2019,2118791548,11591.08044
St._Lucia,LCA,2020,1616772748,8804.561089
St._Martin_(French_part),MAF,2015,2.64582E+12,16179.62179
St._Martin_(French_part),MAF,2016,2.64582E+12,16179.62179
St._Martin_(French_part),MAF,2017,2.64582E+12,16179.62179
St._Martin_(French_part),MAF,2018,2.64582E+12,16179.62179
St._Martin_(French_part),MAF,2019,2.64582E+12,16179.62179
St._Martin_(French_part),MAF,2020,2.64582E+12,16179.62179
St._Vincent_and_the_Grenadines,VCT,2015,786554580.8,7207.170759
St._Vincent_and_the_Grenadines,VCT,2016,814302267.1,7438.792212
St._Vincent_and_the_Grenadines,VCT,2017,847620214.8,7717.846546
St._Vincent_and_the_Grenadines,VCT,2018,884328180.5,8024.028496
St._Vincent_and_the_Grenadines,VCT,2019,910149698.9,8229.722486
St._Vincent_and_the_Grenadines,VCT,2020,872134546.8,7860.821354
Sudan,SDN,2015,84985132167,2184.542236
Sudan,SDN,2016,1.02944E+11,2583.447266
Sudan,SDN,2017,1.29718E+11,3178.314209
Sudan,SDN,2018,32333780383,773.5070801
Sudan,SDN,2019,32338079165,755.3289795
Sudan,SDN,2020,26987563444,615.4620972
Suriname,SUR,2015,5126291451,9168.237157
Suriname,SUR,2016,3317438911,5872.789429
Suriname,SUR,2017,3591623596,6295.560562
Suriname,SUR,2018,3996247906,6938.086981
Suriname,SUR,2019,3984483762,6853.693411
Suriname,SUR,2020,2884248048,4916.605666
Sweden,SWE,2015,5.05104E+11,51545.48361
Sweden,SWE,2016,5.15655E+11,51965.15715
Sweden,SWE,2017,5.41019E+11,53791.50873
Sweden,SWE,2018,5.55455E+11,54589.06039
Sweden,SWE,2019,5.3388E+11,51939.42974
Sweden,SWE,2020,5.41487E+11,52300.2062
Switzerland,CHE,2015,7.0215E+11,84776.14217
Switzerland,CHE,2016,6.95601E+11,83073.28008
Switzerland,CHE,2017,7.04479E+11,83352.08865
Switzerland,CHE,2018,7.35539E+11,86388.40495
Switzerland,CHE,2019,7.31767E+11,85334.51946
Switzerland,CHE,2020,7.52248E+11,87100.41482
Syrian_Arab_Republic,SYR,2015,17622064892,979.1444387
Syrian_Arab_Republic,SYR,2016,12453459335,713.029204
Syrian_Arab_Republic,SYR,2017,16340665432,955.836559
Syrian_Arab_Republic,SYR,2018,21445775364,1265.60619
Syrian_Arab_Republic,SYR,2019,2.64582E+12,16179.62179
Syrian_Arab_Republic,SYR,2020,2.64582E+12,16179.62179
Tajikistan,TJK,2015,8271454301,978.4049812
Tajikistan,TJK,2016,6992393787,807.1025861
Tajikistan,TJK,2017,7536439875,848.6723799
Tajikistan,TJK,2018,7765014424,853.2188734
Tajikistan,TJK,2019,8300784857,890.5444024
Tajikistan,TJK,2020,8133996648,852.8309878
Tanzania,TZA,2015,47378599025,947.9333496
Tanzania,TZA,2016,49774021003,966.5029907
Tanzania,TZA,2017,53320625959,1004.906616
Tanzania,TZA,2018,57003713611,1042.838745
Tanzania,TZA,2019,61136873692,1085.884888
Tanzania,TZA,2020,62409709111,1076.469727
Thailand,THA,2015,4.01296E+11,5840.053067
Thailand,THA,2016,4.13366E+11,5993.305516
Thailand,THA,2017,4.56357E+11,6593.818352
Thailand,THA,2018,5.06755E+11,7298.947146
Thailand,THA,2019,5.44081E+11,7814.384431
Thailand,THA,2020,4.99682E+11,7158.766684
Timor-Leste,TLS,2015,1594410900,1332.791856
Timor-Leste,TLS,2016,1650618500,1353.754934
Timor-Leste,TLS,2017,1615609700,1299.494635
Timor-Leste,TLS,2018,1583876200,1249.138351
Timor-Leste,TLS,2019,2047931700,1583.713576
Timor-Leste,TLS,2020,1902156800,1442.730738
Togo,TGO,2015,4180866177,570.9099672
Togo,TGO,2016,6031632168,803.1518934
Togo,TGO,2017,6395472574,830.7452767
Togo,TGO,2018,7112200725,901.5230169
Togo,TGO,2019,7220395248,893.3524541
Togo,TGO,2020,7574636979,914.9507925
Tonga,TON,2015,437006227.2,4336.239603
Tonga,TON,2016,420540178.6,4157.877249
Tonga,TON,2017,460379145,4513.432531
Tonga,TON,2018,489235527.4,4740.700272
Tonga,TON,2019,512350059.4,4903.012138
Tonga,TON,2020,488829964.1,4624.823449
Trinidad_and_Tobago,TTO,2015,25191551350,18383.5387
Trinidad_and_Tobago,TTO,2016,22373566810,16241.41096
Trinidad_and_Tobago,TTO,2017,23180107752,16747.9067
Trinidad_and_Tobago,TTO,2018,23820742957,17139.18567
Trinidad_and_Tobago,TTO,2019,23886216403,17123.11629
Trinidad_and_Tobago,TTO,2020,21392536138,15285.94049
Tunisia,TUN,2015,45780128467,4094.841602
Tunisia,TUN,2016,44360614525,3924.349092
Tunisia,TUN,2017,42164007605,3687.780316
Tunisia,TUN,2018,42685972269,3690.896932
Tunisia,TUN,2019,41772900763,3571.945048
Tunisia,TUN,2020,42514151614,3597.218525
Turkiye,TUR,2015,8.64317E+11,11006.27952
Turkiye,TUR,2016,8.69693E+11,10894.60338
Turkiye,TUR,2017,8.58996E+11,10589.66772
Turkiye,TUR,2018,7.78472E+11,9454.348443
Turkiye,TUR,2019,7.61004E+11,9121.515167
Turkiye,TUR,2020,7.19955E+11,8536.43332
Turkmenistan,TKM,2015,35799714286,6432.685325
Turkmenistan,TKM,2016,36169428571,6387.682575
Turkmenistan,TKM,2017,37926285714,6587.092604
Turkmenistan,TKM,2018,40765428571,6967.375043
Turkmenistan,TKM,2019,45231428571,7612.03518
Turkmenistan,TKM,2020,2.64582E+12,16179.62179
Turks_and_Caicos_Islands,TCA,2015,942070000,26183.88504
Turks_and_Caicos_Islands,TCA,2016,1032452000,28241.47929
Turks_and_Caicos_Islands,TCA,2017,1022365000,27545.12879
Turks_and_Caicos_Islands,TCA,2018,1113178000,29553.1367
Turks_and_Caicos_Islands,TCA,2019,1197415000,31350.86663
Turks_and_Caicos_Islands,TCA,2020,924583000,23879.92665
Tuvalu,TUV,2015,36811659.53,3316.664522
Tuvalu,TUV,2016,41629497.47,3706.329903
Tuvalu,TUV,2017,45217657.88,3978.676452
Tuvalu,TUV,2018,47818290.5,4156.305128
Tuvalu,TUV,2019,54223149.11,4652.350846
Tuvalu,TUV,2020,55054710.62,4668.818743
Uganda,UGA,2015,32387183845,847.2676289
Uganda,UGA,2016,29203988815,736.5598474
Uganda,UGA,2017,30744473912,746.8307529
Uganda,UGA,2018,32927025573,770.6007843
Uganda,UGA,2019,35353060634,798.5857341
Uganda,UGA,2020,37600368181,822.0276815
Ukraine,UKR,2015,91030959455,2124.662354
Ukraine,UKR,2016,93355993629,2187.730469
Ukraine,UKR,2017,1.12091E+11,2638.326172
Ukraine,UKR,2018,1.30891E+11,3096.561768
Ukraine,UKR,2019,1.53883E+11,3661.456299
Ukraine,UKR,2020,1.56618E+11,3751.740723
United_Arab_Emirates,ARE,2015,3.58135E+11,38663.38826
United_Arab_Emirates,ARE,2016,3.57045E+11,38141.87689
United_Arab_Emirates,ARE,2017,3.85606E+11,40644.79119
United_Arab_Emirates,ARE,2018,4.22215E+11,43839.32449
United_Arab_Emirates,ARE,2019,4.17216E+11,42701.44305
United_Arab_Emirates,ARE,2020,3.58869E+11,36284.55524
United_Kingdom,GBR,2015,2.95657E+12,45404.56777
United_Kingdom,GBR,2016,2.72285E+12,41499.5557
United_Kingdom,GBR,2017,2.69902E+12,40857.75558
United_Kingdom,GBR,2018,2.90079E+12,43646.95197
United_Kingdom,GBR,2019,2.87867E+12,43070.49836
United_Kingdom,GBR,2020,2.7569E+12,41098.07865
United_States,USA,2015,1.8206E+13,56762.72945
United_States,USA,2016,1.86951E+13,57866.74493
United_States,USA,2017,1.94796E+13,59914.7778
United_States,USA,2018,2.05272E+13,62805.25376
United_States,USA,2019,2.13726E+13,65094.79943
United_States,USA,2020,2.08937E+13,63027.67953
Uruguay,URY,2015,53274304222,15613.74597
Uruguay,URY,2016,57236652490,16715.63347
Uruguay,URY,2017,64233966861,18690.89384
Uruguay,URY,2018,64515038268,18703.86029
Uruguay,URY,2019,61231149881,17688.01501
Uruguay,URY,2020,53560755047,15418.81531
Uzbekistan,UZB,2015,86196265192,2753.971072
Uzbekistan,UZB,2016,86138288615,2704.677188
Uzbekistan,UZB,2017,62081323299,1916.764642
Uzbekistan,UZB,2018,52633143808,1597.068337
Uzbekistan,UZB,2019,59907674027,1784.009816
Uzbekistan,UZB,2020,59894305353,1749.655815
Vanuatu,VUT,2015,730870581.7,2695.666186
Vanuatu,VUT,2016,780889605.9,2805.66532
Vanuatu,VUT,2017,880062103,3082.540055
Vanuatu,VUT,2018,914736985.4,3125.436014
Vanuatu,VUT,2019,936526267.6,3122.982599
Vanuatu,VUT,2020,896827873.1,2919.8368
"Venezuela,_RB",VEN,2015,2.64582E+12,16179.62179
"Venezuela,_RB",VEN,2016,2.64582E+12,16179.62179
"Venezuela,_RB",VEN,2017,2.64582E+12,16179.62179
"Venezuela,_RB",VEN,2018,2.64582E+12,16179.62179
"Venezuela,_RB",VEN,2019,2.64582E+12,16179.62179
"Venezuela,_RB",VEN,2020,2.64582E+12,16179.62179
Vietnam,VNM,2015,2.39257E+11,2581.622442
Vietnam,VNM,2016,2.57096E+11,2745.565588
Vietnam,VNM,2017,2.81353E+11,2974.117229
Vietnam,VNM,2018,3.08702E+11,3230.927713
Vietnam,VNM,2019,3.30391E+11,3425.089253
Vietnam,VNM,2020,3.43243E+11,3526.274579
Virgin_Islands_(U.S.),VIR,2015,3663000000,34007.35294
Virgin_Islands_(U.S.),VIR,2016,3798000000,35324.97489
Virgin_Islands_(U.S.),VIR,2017,3794000000,35365.0693
Virgin_Islands_(U.S.),VIR,2018,3922000000,36653.86305
Virgin_Islands_(U.S.),VIR,2019,4117000000,38596.03071
Virgin_Islands_(U.S.),VIR,2020,4204000000,39552.1686
West_Bank_and_Gaza,PSE,2015,13972400000,3272.154324
West_Bank_and_Gaza,PSE,2016,15405400000,3527.613824
West_Bank_and_Gaza,PSE,2017,16128000000,3620.360487
West_Bank_and_Gaza,PSE,2018,16276600000,3562.330943
West_Bank_and_Gaza,PSE,2019,17133500000,3656.858271
West_Bank_and_Gaza,PSE,2020,15531700000,3233.568638
"Yemen,_Rep.",YEM,2015,42444495590,1601.807163
"Yemen,_Rep.",YEM,2016,31317828584,1152.738019
"Yemen,_Rep.",YEM,2017,26842231205,964.3403436
"Yemen,_Rep.",YEM,2018,21606161066,758.1459489
"Yemen,_Rep.",YEM,2019,21887614217,750.5545834
"Yemen,_Rep.",YEM,2020,18840511908,631.68149
Zambia,ZMB,2015,21251216799,1338.290927
Zambia,ZMB,2016,20958412538,1280.806543
Zambia,ZMB,2017,25873601261,1535.196574
Zambia,ZMB,2018,26311590297,1516.368371
Zambia,ZMB,2019,23308667781,1305.001031
Zambia,ZMB,2020,18110631358,985.132436
Zimbabwe,ZWE,2015,19963120600,1445.069702
Zimbabwe,ZWE,2016,20548678100,1464.588957
Zimbabwe,ZWE,2017,17584890937,1235.189032
Zimbabwe,ZWE,2018,18115543791,1254.642265
Zimbabwe,ZWE,2019,19284289739,1316.740657
Zimbabwe,ZWE,2020,18051170799,1214.50982
